{
    "path_alpha": [
        {
            "position": {"x": 1.2452412843704224, "y": 3.2640600204467773, "z": 0.0},
            "orientation": {"x": 0.0, "y": 0.0, "z": 0.20472144087446012, "w": 0.9788202754572899}
        },
        {
            "position": {"x": 4.136881351470947, "y": 5.711742877960205, "z": 0.0},
            "orientation": {"x": 0.0, "y": 0.0, "z": -0.33075851060284434, "w": 0.9437154272680871}
        }
    ],
    "path_beta": [
        {
            "position": {"x": 6.124632358551025, "y": 6.525798320770264, "z": 0.0},
            "orientation": {"x": 0.0, "y": 0.0, "z": -0.002847577089298822, "w": 0.9999959456441414}
        },
        {
            "position": {"x": 9.397355079650879, "y": 7.080615997314453, "z": 0.0},
            "orientation": {"x": 0.0, "y": 0.0, "z": 0.015707211963688152, "w": 0.9998766341365958}
        }
    ]
}